rep	chi2	aN	bN	g2A	a2	g2B	B2
58	186.326	0.015948389281365716	0.009726500215350093	0.0	0.0000000000000000.1	0.0000000000000000.2	0.0000000000000000.3
